price,link,name_product
Rp 4.124.600,https://www.orami.co.id/free-shipping,Fisher Price Musical Lion Walker
Rp 142.500,https://www.orami.co.id/free-shipping,Frisian Flag Jelajah 123 Madu 800gr Box
Rp 105.150,https://www.orami.co.id/free-shipping,Frisian Flag Jelajah 123 Vanilla 800gr Box
Rp 278.600,https://www.orami.co.id/free-shipping,Rinso Gentle Deterjen Bubuk 700gr
Rp 301.800,https://www.orami.co.id/free-shipping,Medela Swing Maxi Bundle Set
Rp 294.100,https://www.orami.co.id/free-shipping,Goo.N Smile Baby Pants M34
Rp 78.000,https://www.orami.co.id/c/perawatan-bayi-anak,Zwitsal Natural Basic Pack
Rp 756.900,https://www.orami.co.id/c/mainan-dan-media,Fisher Price Musical Lion Walker
Rp 149.000,https://www.orami.co.id/c/mainan-dan-media,WinFun Grow with Me Musical Walker
Rp 250.900,https://www.orami.co.id/c/mainan-dan-media,Playon Crayon Pastel ( 12 pcs )
Rp 556.900,https://www.orami.co.id/c/mainan-dan-media,Evamatt Puzzle Abjad Gambar
Rp 425.000,https://www.orami.co.id/c/mainan-dan-media,Play-Doh Mini Bucket Cookies
Rp 956.900,https://www.orami.co.id/c/mainan-dan-media,Crayola Fun Creativity Pack
Rp 1.031.900,https://www.orami.co.id/c/mainan-dan-media,Winfun Light-Up Talking Phone
Rp 910.900,https://www.orami.co.id/c/mainan-dan-media,Pumpee Happy Musical Walker
Rp 8.485.000,https://www.orami.co.id/pp/highlight,GB Stroller Maris Sea Portblue-Navy Blue
Rp 699.900,https://www.orami.co.id/c/mainan-dan-media,Swimava Ice Cream G1 Neck Ring
Rp 435.900,https://www.orami.co.id/c/mainan-dan-media,WinFun Letter Train & Piano Activity Table
Rp 202.900,https://www.orami.co.id/c/mainan-dan-media,Fisher Price L&L Ss Tablet Grey
Rp 286.900,https://www.orami.co.id/c/mainan-dan-media,WinFun Walker Ride-on Learning Train
Rp 227.900,https://www.orami.co.id/c/mainan-dan-media,Tolo Activity Gift Set - Large
Rp 8.485.000,https://www.orami.co.id/pp/highlight,GB Stroller Maris Dragon Fire Red
Rp 4.199.000,https://www.orami.co.id/pp/highlight,GB Stroller 1020 Black
Rp 84.500,https://www.orami.co.id/pp/highlight,SGM Eksplor 1+ Complinutri Susu Pertumbuhan Madu 900 gr
Rp 85.100,https://www.orami.co.id/pp/highlight,SGM Eksplor 1+ Complinutri Susu Pertumbuhan Vanilla 900 gr
Rp 84.500,https://www.orami.co.id/pp/highlight,Goo.N Premium Pants Massara Sara Super Jumbo XXL 36
Mulai Rp 228.400,https://www.orami.co.id/c/fashion-dan-aksesoris,Rinso Gentle Deterjen Bubuk 700gr
Mulai Rp 369.000,https://www.orami.co.id/c/fashion-dan-aksesoris,Matroishka Minima Layered Tank Cotton White
Mulai Rp 22.800,https://www.orami.co.id/c/fashion-dan-aksesoris,Matroishka Sleeveless Dress Midi Khaki
Mulai Rp 132.000,https://www.orami.co.id/c/fashion-dan-aksesoris,Milk Republic Nursing & Maternity Dress
Rp 109.900,https://www.orami.co.id/c/fashion-dan-aksesoris,Lucky Baby Stylo Bib With Flip Crumb Pocket Butterfly - Girl
Mulai Rp 131.600,https://www.orami.co.id/c/fashion-dan-aksesoris,Nathalie Maternity Bra Carla
Mulai Rp 203.800,https://www.orami.co.id/c/fashion-dan-aksesoris,Babyhelu Kebaya Top
Mulai Rp 199.000,https://www.orami.co.id/c/fashion-dan-aksesoris,Gee's Hairclip Curl Belle Yellow
Rp 184.300,https://www.orami.co.id/nutrisi-khusus,Enfamil A+ Lacto Free Susu Formula Bayi Bebas Laktosa-400g
Rp 78.000,https://www.orami.co.id/c/popok-krim-dan-tisu-bayi,Goo.N Premium Pants Massara Sara Super Jumbo XXL 36
Rp 122.000,https://www.orami.co.id/c/ibu-bayi-dan-anak,Rinso Gentle Deterjen Bubuk 700gr
Mulai Rp 199.000,https://www.orami.co.id/c/fashion-dan-aksesoris,Nu Mom Nursing Top Blouse Doti
Mulai Rp 109.000,https://www.orami.co.id/c/fashion-dan-aksesoris,Mom n Bab Quilted Dress
Mulai Rp 109.000,https://www.orami.co.id/c/fashion-dan-aksesoris,Piccola Hayden Bear Cardigans Fine gauge beige
Mulai Rp 289.000,https://www.orami.co.id/c/fashion-dan-aksesoris,Piccola Hayden Bear Cardigans Fine gauge Dusty Pink
Mulai Rp 289.000,https://www.orami.co.id/c/fashion-dan-aksesoris,Piccola Kelly Turtleneck Rib Top Rib Navy
Mulai Rp 189.000,https://www.orami.co.id/c/fashion-dan-aksesoris,Piccola Kelly Turtleneck Rib Top Rib Red
Mulai Rp 169.000,https://www.orami.co.id/c/fashion-dan-aksesoris,Feather n Flynn Emily Lace Dress Dusty Pink
Mulai Rp 169.000,https://www.orami.co.id/c/fashion-dan-aksesoris,Feather n Flynn Emily Lace Dress Navy
Mulai Rp 289.000,https://www.orami.co.id/c/fashion-dan-aksesoris,Feather n Flynn Ilsa Tulle Skirt Beige
Rp 285.000,https://www.orami.co.id/c/ibu-bayi-dan-anak,Frisomum Gold 400gr Tin
Mulai Rp 22.800,https://www.orami.co.id/c/ibu-bayi-dan-anak,Ensure Susu Vanilla Klg 400g
Rp 31.100,https://www.orami.co.id/c/ibu-bayi-dan-anak,BIG J PANGGANGAN SEGI RED
Rp 26.300,https://www.orami.co.id/c/ibu-bayi-dan-anak,"IKEA Variera Waste bin, white"
Rp 49.000,https://www.orami.co.id/c/ibu-bayi-dan-anak,"IKEA Speciell Pasta Server, Black"
Rp 49.000,https://www.orami.co.id/c/ibu-bayi-dan-anak,IKEA GUBBRÃ–RA Kuas Pastry Pink Blue
Rp 51.000,https://www.orami.co.id/c/ibu-bayi-dan-anak,IKEA GUBBRORA Pastry Brush White Black
Rp 539.000,https://www.orami.co.id/c/fashion-dan-aksesoris,Piccola Gemma Paperbag Cullotes Beige
Rp 315.000,https://www.orami.co.id/c/fashion-dan-aksesoris,Piccola Gemma Paperbag Cullotes Light Blue
Rp 290.000,https://www.orami.co.id/c/fashion-dan-aksesoris,Feather & Flynn Brissa Tulle Dress Dusty Pink
Rp 529.000,https://www.orami.co.id/c/fashion-dan-aksesoris,Lucuna Pink Stripes Maternity Dress
Rp 100.000,https://www.orami.co.id/c/fashion-dan-aksesoris,Pigeon Liquid Laundry Detergent 450ml Refill
Rp 285.000,https://www.orami.co.id/c/fashion-dan-aksesoris,Lucuna Blue Line Maternity Dress
Rp 135.000,https://www.orami.co.id/c/fashion-dan-aksesoris,Sleek Baby Laundry Detergent 450ml
Rp 8.485.000,https://www.orami.co.id/c/peralatan-bayi,GB Stroller Maris Sea Portblue-Navy Blue
Mulai Rp 129.000,https://www.orami.co.id/c/fashion-dan-aksesoris,SkipHop Winter Backpack- Deer
Mulai Rp 200.000,https://www.orami.co.id/c/fashion-dan-aksesoris,Belly Bandit 2-In-One Bandit Black - L-2XL
Mulai Rp 95.000,https://www.orami.co.id/c/fashion-dan-aksesoris,Matroishka Sleeveless Dress Maxi Light Blue
Mulai Rp 89.000,https://www.orami.co.id/c/fashion-dan-aksesoris,Mooimom Maternity Belt
Rp 119.100,https://www.orami.co.id/c/perabotan-bayi,Evamatt Puzzle Abjad Gambar
Rp 8.485.000,https://www.orami.co.id/c/peralatan-bayi,GB Stroller Maris Dragon Fire Red
Rp 4.199.000,https://www.orami.co.id/c/peralatan-bayi,GB Stroller 1020 Black
Rp 756.900,https://www.orami.co.id/c/peralatan-bayi,Fisher Price Musical Lion Walker
Rp 4.199.000,https://www.orami.co.id/c/peralatan-bayi,WinFun Grow with Me Musical Walker
Rp 2.399.000,https://www.orami.co.id/c/peralatan-bayi,Evamatt Puzzle Abjad Gambar
Rp 549.900,https://www.orami.co.id/c/peralatan-bayi,Syadil Sling+Nursing Cover Pink Stripe
Rp 556.900,https://www.orami.co.id/c/peralatan-bayi,GB Stroller 1020 Pink
Rp 2.449.000,https://www.orami.co.id/c/perabotan-bayi,IKEA Mammut Children's Stool Pink
Rp 910.900,https://www.orami.co.id/c/perabotan-bayi,Samsung Smart Cam SNH-P6410BN
Rp 680.000,https://www.orami.co.id/c/perabotan-bayi,Tolo Activity Gift Set - Large
Rp 699.900,https://www.orami.co.id/c/perabotan-bayi,GlowyStar Bedrail Yellow
Rp 455.510,https://www.orami.co.id/c/perabotan-bayi,Care Supreme Baby Monitor 2 Ways.
Rp 435.900,https://www.orami.co.id/c/perabotan-bayi,Pumpee Play mat with Animal Sound
Rp 202.900,https://www.orami.co.id/c/perabotan-bayi,Dialogue Baby Kasur Bayi 2 in 1 + Kelambu Bee Series - Pink
Rp 300.000,https://www.orami.co.id/c/perabotan-bayi,Tolo Early Years Gift Set
Rp 285.000,https://www.orami.co.id/c/perabotan-bayi,Tolo Puzzle Ball
Rp 1.999.000,https://www.orami.co.id/c/peralatan-bayi,GB Stroller 1008 Ellum
Rp 6.419.000,https://www.orami.co.id/c/peralatan-bayi,Pumpee Dinosaur Century Baby Bouncer .
Rp 6.419.000,https://www.orami.co.id/c/peralatan-bayi,Pumpee Happy Musical Walker
Rp 3.899.000,https://www.orami.co.id/c/peralatan-bayi,Cocolatte Stroller CL KS 85 Alvis Biru
Rp 5.600.000,https://www.orami.co.id/c/peralatan-bayi,Cocolatte Stroller Quintas + Cl Ib 128 Sn Blue
Rp 2.680.000,https://www.orami.co.id/c/peralatan-bayi,Cocolatte Stroller Quintas + Cl Ib 128 Sn Black
Rp 1.031.900,https://www.orami.co.id/c/peralatan-bayi,GB Stroller Zero Yellow
Rp 910.900,https://www.orami.co.id/c/peralatan-bayi,Cocolatte Stroller CL GB 001 H RYSE LX Beige
Rp 1.780.000,https://www.orami.co.id/c/peralatan-bayi,Chicco Keyfit Carseat - Blue
Rp 119.100,https://www.orami.co.id/c/perabotan-bayi,3M Child Corner Guard Brown
Rp 55.200,https://www.orami.co.id/c/perabotan-bayi,Little Star Blanket Ice Cream & Balloon
Rp 298.000,https://www.orami.co.id/c/perabotan-bayi,Kidsroom Beddings Carrying Nest Balet
Rp 69.000,https://www.orami.co.id/c/perabotan-bayi,Redbox Quick Drop Shope Sorter House
Rp 68.700,https://www.orami.co.id/c/perabotan-bayi,IQ Angel Manhattan 6 Teether Rattle Toy
Rp 599.900,https://www.orami.co.id/c/perabotan-bayi,Nuby Soothing Teethers +3Month
Rp 862.900,https://www.orami.co.id/c/perabotan-bayi,IKEA Mammut Children's Stool Blue
Rp 285.000,https://www.orami.co.id/c/perabotan-bayi,AmanBayiKu Cupboard Sliding Lock
Rp 1.699.000,https://www.orami.co.id/c/peralatan-bayi,Ergobaby Carrier Omni 360 Playtime (Limited Edition)
Rp 1.699.000,https://www.orami.co.id/c/peralatan-bayi,Ferrari Car Seat Cosmo Covertible
Rp 699.900,https://www.orami.co.id/c/peralatan-bayi,WinFun Walker Ride-on Learning Train
Rp 599.900,https://www.orami.co.id/c/peralatan-bayi,Tolo Activity Gift Set - Large
Rp 435.900,https://www.orami.co.id/c/peralatan-bayi,GlowyStar Angela Playard
Rp 202.900,https://www.orami.co.id/c/peralatan-bayi,Babydoes Carseat Evenflo Erta CL 806 Red
Rp 239.900,https://www.orami.co.id/c/peralatan-bayi,Babydoes Carseat Evenflo Erta CL 806 Blue
Rp 599.900,https://www.orami.co.id/c/peralatan-bayi,BabyHome Egg0+Car Seat Sand
Rp 325.000,https://www.orami.co.id/c/perabotan-bayi,Pigeon Fruit Teether Red Yellow
Rp 699.000,https://www.orami.co.id/c/perabotan-bayi,Perlak Jumbo Lapis Sheet Pink
Rp 699.000,https://www.orami.co.id/c/perabotan-bayi,Pillow Todler
Rp 296.900,https://www.orami.co.id/c/perabotan-bayi,Infant Bolster
Mulai Rp 129.000,https://www.orami.co.id/ap/takoyakids,Takoyakids Aoki Pyjama Sets Dusty Pink
Mulai Rp 95.000,https://www.orami.co.id/ap/takoyakids,Takoyakids Himari Set Gray
Mulai Rp 89.000,https://www.orami.co.id/ap/takoyakids,Takoyakids Eri Sets Gray
Mulai Rp 129.000,https://www.orami.co.id/ap/takoyakids,Takoyakids Aoki Pyjama Sets Navy
Mulai Rp 95.000,https://www.orami.co.id/ap/takoyakids,Takoyakids Lyla Racer Back Dress Gray
Mulai Rp 95.000,https://www.orami.co.id/ap/takoyakids,Takoyakids Akira Jumpsuit Steel Blue
Mulai Rp 89.000,https://www.orami.co.id/ap/takoyakids,Takoyakids Minori Sets Dusty Pink
Mulai Rp 89.000,https://www.orami.co.id/ap/takoyakids,Takoyakids Eri Sets Light Pink
Mulai Rp 69.000,https://www.orami.co.id/ap/takoyakids,Takoyakids Chambray Top Boys Jeans
Mulai Rp 69.000,https://www.orami.co.id/ap/takoyakids,Takoyakids Crocodile Round Neck T-Shirt Unisex White
Mulai Rp 69.000,https://www.orami.co.id/ap/takoyakids,Takoyakids Asymmetric Top Girl Mint
Mulai Rp 69.000,https://www.orami.co.id/ap/takoyakids,Takoyakids Retro Top Girl Maroon
Mulai Rp 49.000,https://www.orami.co.id/ap/takoyakids,Takoyakids I'm Awesome T-Shirt Boy Yellow
Mulai Rp 49.000,https://www.orami.co.id/ap/takoyakids,Takoyakids I'm Awesome T-Shirt Boy Ocean Blue
Mulai Rp 49.000,https://www.orami.co.id/ap/takoyakids,Takoyakids I'm Awesome T-Shirt Boy Orange
Mulai Rp 49.000,https://www.orami.co.id/ap/takoyakids,Takoyakids I'm Awesome T-Shirt Boy Caramel
Mulai Rp 49.000,https://www.orami.co.id/ap/takoyakids,Takoyakids Abstract Shorts Boy Red
Mulai Rp 49.000,https://www.orami.co.id/ap/takoyakids,Takoyakids Abstract Shorts Boy Navy
Mulai Rp 69.000,https://www.orami.co.id/ap/takoyakids,Takoyakids Vroom Vroom! T-Shirt Unisex White
Mulai Rp 69.000,https://www.orami.co.id/ap/takoyakids,Takoyakids Vroom Vroom! T-Shirt Unisex Orange
Mulai Rp 95.000,https://www.orami.co.id/ap/takoyakids,Takoyakids Remi Jumpsuit Mustard
Mulai Rp 95.000,https://www.orami.co.id/ap/takoyakids,Takoyakids Remi Harem Jumpsuit Misty Gray M71
Mulai Rp 69.000,https://www.orami.co.id/ap/takoyakids,Takoyakids Calla Girl Skirt Grey
Mulai Rp 69.000,https://www.orami.co.id/ap/takoyakids,Takoyakids Jasmine Embroidery Girl Dress White
Mulai Rp 39.000,https://www.orami.co.id/ap/takoyakids,Takoyakids Tree Fox Boy T-Shirt Blue
Mulai Rp 69.000,https://www.orami.co.id/ap/takoyakids,Takoyakids Smith Boy Shirt White
Mulai Rp 99.000,https://www.orami.co.id/ap/takoyakids,Takoyakids Kira Kimono Dress Sets Dusty Pink
Mulai Rp 89.000,https://www.orami.co.id/ap/takoyakids,Takoyakids Minori Sets Mustard 6-12 Month
Mulai Rp 95.000,https://www.orami.co.id/ap/takoyakids,Takoyakids Kei Kimono Sets Gray
Mulai Rp 149.000,https://www.orami.co.id/ap/takoyakids,Piccola Rowan Shirt Cotton Mocha
Rp 129.000,https://www.orami.co.id/ap/takoyakids,Takoyakids Aoki Pyjama Sets Dusty Pink 4-5 Years
Rp 129.000,https://www.orami.co.id/ap/takoyakids,Takoyakids Aoki Pyjama Sets Mustard 4-5 Years
Mulai Rp 129.000,https://www.orami.co.id/ap/takoyakids,Takoyakids Aoki Pyjama Sets Mustard
Mulai Rp 89.000,https://www.orami.co.id/ap/takoyakids,Takoyakids Minori Sets Maroon
Mulai Rp 89.000,https://www.orami.co.id/ap/takoyakids,Takoyakids Minori Sets Mint
Mulai Rp 95.000,https://www.orami.co.id/ap/takoyakids,Takoyakids Remi Jumpsuit Dusty Pink
Mulai Rp 95.000,https://www.orami.co.id/ap/takoyakids,Takoyakids Remi Jumpsuit Terracota
Mulai Rp 95.000,https://www.orami.co.id/ap/takoyakids,Takoyakids Remi Jumpsuit Steel Blue
Mulai Rp 99.000,https://www.orami.co.id/ap/takoyakids,Takoyakids Kira Kimono Dress Mustard
Mulai Rp 99.000,https://www.orami.co.id/ap/takoyakids,Takoyakids Kira Kimono Dress Maroon
Mulai Rp 99.000,https://www.orami.co.id/ap/takoyakids,Takoyakids Kira Kimono Dress Steel Blue
Mulai Rp 95.000,https://www.orami.co.id/ap/takoyakids,Takoyakids Kei Kimono Sets Terracota
Mulai Rp 95.000,https://www.orami.co.id/ap/takoyakids,Takoyakids Kei Kimono Sets Mint
Mulai Rp 95.000,https://www.orami.co.id/ap/takoyakids,Takoyakids Akira Jumpsuit Dusty Pink
Mulai Rp 95.000,https://www.orami.co.id/ap/takoyakids,Takoyakids Akira Jumpsuit Mint
Mulai Rp 95.000,https://www.orami.co.id/ap/takoyakids,Takoyakids Akira Jumpsuit Abu Muda
Mulai Rp 89.000,https://www.orami.co.id/ap/takoyakids,Takoyakids Eri Sets Cream
Mulai Rp 95.000,https://www.orami.co.id/ap/takoyakids,Takoyakids Himari Set Mint
Mulai Rp 95.000,https://www.orami.co.id/ap/takoyakids,Takoyakids Himari Set Dusty Pink
Mulai Rp 95.000,https://www.orami.co.id/ap/takoyakids,Takoyakids Himari Set Steel Blue
Mulai Rp 95.000,https://www.orami.co.id/ap/takoyakids,Takoyakids Kei Kimono Sets Maroon
Rp 99.000,https://www.orami.co.id/ap/takoyakids,Takoyakids Kira Kimono Dress Dusty Pink 7-8 Year
Rp 99.000,https://www.orami.co.id/ap/takoyakids,Takoyakids Kira Kimono Dress Maroon 7-8 Year
Mulai Rp 74.900,https://www.orami.co.id/ap/takoyakids,Takoyakids Bunny Ballerina Baby Doll Top Girls Yellow
Mulai Rp 74.900,https://www.orami.co.id/ap/takoyakids,Takoyakids Bunny Ballerina Baby Doll Top Girls Pink
Mulai Rp 74.900,https://www.orami.co.id/ap/takoyakids,Takoyakids Tutu Flower Baby Doll Top Girls Mustard
Mulai Rp 74.900,https://www.orami.co.id/ap/takoyakids,Takoyakids Tutu Flower Baby Doll Top Girls Violet
Mulai Rp 90.900,https://www.orami.co.id/ap/takoyakids,Takoyakids Polkadot Sailor Dress Girls Peach
Mulai Rp 79.000,https://www.orami.co.id/ap/takoyakids,Takoyakids Polkadot Sailor Dress Girls Lime Green
Mulai Rp 95.000,https://www.orami.co.id/ap/takoyakids,Takoyakids Akira Jumpsuit Terracota
Mulai Rp 89.000,https://www.orami.co.id/ap/takoyakids,Takoyakids Eri Sets Maroon
Mulai Rp 89.000,https://www.orami.co.id/ap/takoyakids,Takoyakids Eri Sets Steel Blue
Mulai Rp 69.000,https://www.orami.co.id/ap/takoyakids,Takoyakids Retro Top Girl Pink
Mulai Rp 54.900,https://www.orami.co.id/ap/takoyakids,Takoyakids Dino Short Boys Light Blue
Mulai Rp 49.000,https://www.orami.co.id/ap/takoyakids,Takoyakids Dino Short Boys Red
Mulai Rp 54.900,https://www.orami.co.id/ap/takoyakids,Takoyakids Dino Short Boys Olive
Mulai Rp 79.400,https://www.orami.co.id/ap/takoyakids,Takoyakids Dino Top Unisex Red
Mulai Rp 79.400,https://www.orami.co.id/ap/takoyakids,Takoyakids Dino Top Unisex Blue
Mulai Rp 74.600,https://www.orami.co.id/ap/takoyakids,Takoyakids Checkered Ribbon Top Girls Black
Mulai Rp 113.900,https://www.orami.co.id/ap/takoyakids,Takoyakids Victorian Top Girls White
Mulai Rp 119.000,https://www.orami.co.id/ap/takoyakids,Takoyakids Casual Stretch Trouser Boys Khaki
Mulai Rp 119.000,https://www.orami.co.id/ap/takoyakids,Takoyakids Casual Stretch Trouser Boys Navy
Mulai Rp 74.800,https://www.orami.co.id/ap/takoyakids,Takoyakids Abstract V-Neck Top Girls Mint
Mulai Rp 74.800,https://www.orami.co.id/ap/takoyakids,Takoyakids Abstract V-Neck Top Girls Grey
Mulai Rp 74.800,https://www.orami.co.id/ap/takoyakids,Takoyakids Abstract V-Neck Top Girls Blue
Mulai Rp 69.000,https://www.orami.co.id/ap/takoyakids,Takoyakids Safari Shirt Boys Blue
Mulai Rp 113.900,https://www.orami.co.id/ap/takoyakids,Takoyakids Raccoon Sweater Unisex Beige
Mulai Rp 79.400,https://www.orami.co.id/ap/takoyakids,Takoyakids Duck Top Unisex Mint
Mulai Rp 90.900,https://www.orami.co.id/ap/takoyakids,Takoyakids Dino Round Neck T-Shirt Unisex Orange
Mulai Rp 90.900,https://www.orami.co.id/ap/takoyakids,Takoyakids Dino Round Neck T-Shirt Unisex White
Mulai Rp 90.900,https://www.orami.co.id/ap/takoyakids,Takoyakids Crocodile Round Neck T-Shirt Unisex Mustard
Mulai Rp 69.000,https://www.orami.co.id/ap/takoyakids,Takoyakids Crocodile Round Neck T-Shirt Unisex Coral
Mulai Rp 79.000,https://www.orami.co.id/ap/takoyakids,Takoyakids Pom-Pom Festive Dress Girls Blue
Mulai Rp 79.000,https://www.orami.co.id/ap/takoyakids,Takoyakids Pom-Pom Festive Dress Girls Pink
Mulai Rp 78.900,https://www.orami.co.id/ap/takoyakids,Takoyakids Pom-Pom Festive Dress Girls Peach
Mulai Rp 79.000,https://www.orami.co.id/ap/takoyakids,Takoyakids Tulip Pom-Pom Fringe Dress Girls Grey
Mulai Rp 79.000,https://www.orami.co.id/ap/takoyakids,Takoyakids Tulip Pom-Pom Fringe Dress Girls Peach
Mulai Rp 89.000,https://www.orami.co.id/ap/takoyakids,Takoyakids Comfy Sheep Set Boys Blue
Mulai Rp 89.000,https://www.orami.co.id/ap/takoyakids,Takoyakids Comfy Sheep Set Boys Mint
Mulai Rp 89.000,https://www.orami.co.id/ap/takoyakids,Takoyakids Comfy Sheep Set Boys Yellow
Mulai Rp 125.400,https://www.orami.co.id/ap/takoyakids,Takoyakids Bohemian Bow Set Girls Lemon
Mulai Rp 125.400,https://www.orami.co.id/ap/takoyakids,Takoyakids Bohemian Bow Set Girls Mint
Mulai Rp 125.400,https://www.orami.co.id/ap/takoyakids,Takoyakids Bohemian Bow Set Girls Pink
Mulai Rp 125.400,https://www.orami.co.id/ap/takoyakids,Takoyakids Star Shine T-Shirt Set Boys Blue
Mulai Rp 125.400,https://www.orami.co.id/ap/takoyakids,Takoyakids Star Shine T-Shirt Set Boys Khaki
Mulai Rp 125.400,https://www.orami.co.id/ap/takoyakids,Takoyakids Star Shine T-Shirt Set Boys Light Mustard
Mulai Rp 125.400,https://www.orami.co.id/ap/takoyakids,Takoyakids Milk Round T-Shirt Set Boys Mocca
Mulai Rp 125.400,https://www.orami.co.id/ap/takoyakids,Takoyakids Milk Round T-Shirt Set Boys Grey
Mulai Rp 89.900,https://www.orami.co.id/ap/takoyakids,Takoyakids Tutu Festive Top Girl White
Mulai Rp 89.900,https://www.orami.co.id/ap/takoyakids,Takoyakids Tutu Festive Top Girl Pink
Mulai Rp 89.900,https://www.orami.co.id/ap/takoyakids,Takoyakids Tutu Festive Top Girl Mint
Mulai Rp 89.900,https://www.orami.co.id/ap/takoyakids,Takoyakids Tutu Festive Top Girl Brown
Mulai Rp 69.000,https://www.orami.co.id/ap/takoyakids,Takoyakids Sailor Collar Top Girl Pink
Mulai Rp 79.900,https://www.orami.co.id/ap/takoyakids,Takoyakids Asymmetric Top Girl Blue
Mulai Rp 39.900,https://www.orami.co.id/ap/takoyakids,Takoyakids Everyday Plant T-Shirt Unisex
Mulai Rp 69.000,https://www.orami.co.id/ap/takoyakids,Takoyakids Banana Button Shirt Boy Blue
Mulai Rp 99.000,https://www.orami.co.id/ap/takoyakids,Takoyakids Banana Button Shirt Boy Off White
Mulai Rp 99.000,https://www.orami.co.id/ap/takoyakids,Takoyakids Banana Button Shirt Boy Grey
Mulai Rp 55.900,https://www.orami.co.id/ap/takoyakids,Takoyakids I'm Awesome T-Shirt Boy Green
Mulai Rp 89.900,https://www.orami.co.id/ap/takoyakids,Takoyakids Adorable Polkadot Dress Girl Pink
Mulai Rp 89.900,https://www.orami.co.id/ap/takoyakids,Takoyakids Adorable Polkadot Dress Girl White
Mulai Rp 64.900,https://www.orami.co.id/ap/takoyakids,Takoyakids Fish Shorts Boy Grey
Mulai Rp 64.900,https://www.orami.co.id/ap/takoyakids,Takoyakids Fish Shorts Boy Navy
Mulai Rp 64.900,https://www.orami.co.id/ap/takoyakids,Takoyakids Fish Shorts Boy White
Mulai Rp 64.900,https://www.orami.co.id/ap/takoyakids,Takoyakids Fish Shorts Boy Blue
Mulai Rp 64.900,https://www.orami.co.id/ap/takoyakids,Takoyakids Abstract Shorts Boy Black
Mulai Rp 109.900,https://www.orami.co.id/ap/takoyakids,Takoyakids Betsy Floral Sets Girl Pink
Mulai Rp 89.900,https://www.orami.co.id/ap/takoyakids,Takoyakids Willow Dress Girl Blue
Mulai Rp 89.900,https://www.orami.co.id/ap/takoyakids,Takoyakids Willow Dress Girl Peach
Mulai Rp 109.000,https://www.orami.co.id/ap/takoyakids,Takoyakids Everyday Cupcake Bear Sets Girl Pink
Mulai Rp 89.900,https://www.orami.co.id/ap/takoyakids,Takoyakids Everyday Darling Rabbit Sets Girl Yellow
Mulai Rp 69.000,https://www.orami.co.id/ap/takoyakids,Takoyakids Everyday Dino-stars Sets Boy Brown
Mulai Rp 89.900,https://www.orami.co.id/ap/takoyakids,Takoyakids Everyday I Love Truck Sets Boy Blue
Mulai Rp 134.900,https://www.orami.co.id/ap/takoyakids,Takoyakids Little Varsity Jacket Boy Orange
Mulai Rp 134.900,https://www.orami.co.id/ap/takoyakids,Takoyakids Little Varsity Jacket Boy Green
Mulai Rp 99.000,https://www.orami.co.id/ap/takoyakids,Takoyakids Super Style Ribbed Jeans Boy
Mulai Rp 72.900,https://www.orami.co.id/ap/takoyakids,Takoyakids Vroom Vroom! T-Shirt Unisex Yellow
Mulai Rp 59.900,https://www.orami.co.id/ap/takoyakids,Takoyakids Everyday All Cotton Legging Girl XS Mix
Mulai Rp 59.900,https://www.orami.co.id/ap/takoyakids,Takoyakids Everyday All Cotton Legging Girl M Mix
Mulai Rp 89.900,https://www.orami.co.id/ap/takoyakids,Takoyakids Everyday I Love Bunny Short Sets Girl
Mulai Rp 109.900,https://www.orami.co.id/ap/takoyakids,Takoyakids Everyday Super Dino Long Sets Boy
Mulai Rp 89.900,https://www.orami.co.id/ap/takoyakids,Takoyakids Everyday Roaring Lion Short Sets Boy
Mulai Rp 89.000,https://www.orami.co.id/ap/takoyakids,Takoyakids Remi Harem Jumpsuit Light Blue
Mulai Rp 89.000,https://www.orami.co.id/ap/takoyakids,Takoyakids Remi Harem Jumpsuit Blush
Mulai Rp 89.000,https://www.orami.co.id/ap/takoyakids,Takoyakids Remi Harem Jumpsuit Olive
Mulai Rp 99.000,https://www.orami.co.id/ap/takoyakids,Takoyakids Calla Girl Skirt Cream
Mulai Rp 99.000,https://www.orami.co.id/ap/takoyakids,Takoyakids Whoopi pullover Unisex Sweater Mustard
Mulai Rp 99.000,https://www.orami.co.id/ap/takoyakids,Takoyakids Whoopi pullover Unisex Sweater Red
Mulai Rp 99.000,https://www.orami.co.id/ap/takoyakids,Takoyakids Whoopi pullover Unisex Sweater Orange
Mulai Rp 89.000,https://www.orami.co.id/ap/takoyakids,Takoyakids Jasmine Embroidery Girl Dress Pink
Mulai Rp 129.000,https://www.orami.co.id/ap/takoyakids,Takoyakids Sally Knit Girl Cardigan Cream
Mulai Rp 129.000,https://www.orami.co.id/ap/takoyakids,Takoyakids Sally Knit Girl Cardigan Pink
Mulai Rp 149.000,https://www.orami.co.id/ap/takoyakids,Takoyakids Jacob Boy Jacket Denim
Mulai Rp 129.000,https://www.orami.co.id/ap/takoyakids,Takoyakids Jane Ripped Girl Overall Denim
Mulai Rp 99.000,https://www.orami.co.id/ap/takoyakids,Takoyakids Cate Texture Boy Sweater Orange-Navy
Mulai Rp 99.000,https://www.orami.co.id/ap/takoyakids,Takoyakids Cate Texture Boy Sweater Grey-Light Brown
Mulai Rp 99.000,https://www.orami.co.id/ap/takoyakids,Takoyakids Cate Texture Boy Sweater Light Brown-Brown
Mulai Rp 69.000,https://www.orami.co.id/ap/takoyakids,Takoyakids Petra Vest Girl Sets Grey
Mulai Rp 139.000,https://www.orami.co.id/ap/takoyakids,Takoyakids Petra Vest Girl Sets Maroon
Mulai Rp 139.000,https://www.orami.co.id/ap/takoyakids,Takoyakids Rabia Blouse Girl Sets Pink
Rp 84.500,https://www.orami.co.id/c/susu-dan-makanan-bayi,SGM Eksplor 1+ Complinutri Susu Pertumbuhan Madu 900 gr
Rp 85.100,https://www.orami.co.id/c/susu-dan-makanan-bayi,SGM Eksplor 1+ Complinutri Susu Pertumbuhan Vanilla 900 gr
Rp 84.500,https://www.orami.co.id/c/susu-dan-makanan-bayi,SGM Eksplor 3+ Complinutri Susu Pertumbuhan Madu 900 gr
Rp 83.700,https://www.orami.co.id/c/susu-dan-makanan-bayi,Frisian Flag Karya 456 Madu 1200gr Box
Rp 122.000,https://www.orami.co.id/c/susu-dan-makanan-bayi,SGM Ananda 6-12 Susu Formula 1000 gr
Rp 145.000,https://www.orami.co.id/c/susu-dan-makanan-bayi,SGM Eksplor 3+ Complinutri Susu Pertumbuhan Vanilla 900 gr
